Workbook

Sheet Predicciones
A1: Predicciones del modelo de regresión logística — Social Network Ads
A2: ID | B2: Género | C2: Salario estimado | D2: Edad | E2: Compró (real) | F2: Predicción del modelo | G2: Probabilidad de compra | H2: Probabilidad del pronóstico | I2: ¿Acierto? | J2: Conjunto
A3: 15624510 | B3: Male | C3: 19000 | D3: 19 | E3: 0 | F3: =IF(G3>=Modelo!$B$10,1,0) -> 0 | G3: =1/(1+EXP(-(Modelo!$B$5+Modelo!$B$6*D3+Modelo!$B$7*C3+Modelo!$B$8*IF(B3="Male",1,0)))) -> 0.00074569034 | H3: =MAX(G3,1-G3) -> 0.99925431 | I3: =IF(F3=E3,"Sí","No") -> Sí | J3: Entrenamiento
A4: 15810944 | B4: Male | C4: 20000 | D4: 35 | E4: 0 | F4: =IF(G4>=Modelo!$B$10,1,0) -> 0 | G4: =1/(1+EXP(-(Modelo!$B$5+Modelo!$B$6*D4+Modelo!$B$7*C4+Modelo!$B$8*IF(B4="Male",1,0)))) -> 0.028349949 | H4: =MAX(G4,1-G4) -> 0.97165005 | I4: =IF(F4=E4,"Sí","No") -> Sí | J4: Prueba
A5: 15668575 | B5: Female | C5: 43000 | D5: 26 | E5: 0 | F5: =IF(G5>=Modelo!$B$10,1,0) -> 0 | G5: =1/(1+EXP(-(Modelo!$B$5+Modelo!$B$6*D5+Modelo!$B$7*C5+Modelo!$B$8*IF(B5="Male",1,0)))) -> 0.0069664361 | H5: =MAX(G5,1-G5) -> 0.99303356 | I5: =IF(F5=E5,"Sí","No") -> Sí | J5: Entrenamiento
A6: 15603246 | B6: Female | C6: 57000 | D6: 27 | E6: 0 | F6: =IF(G6>=Modelo!$B$10,1,0) -> 0 | G6: =1/(1+EXP(-(Modelo!$B$5+Modelo!$B$6*D6+Modelo!$B$7*C6+Modelo!$B$8*IF(B6="Male",1,0)))) -> 0.015027797 | H6: =MAX(G6,1-G6) -> 0.9849722 | I6: =IF(F6=E6,"Sí","No") -> Sí | J6: Entrenamiento
A7: 15804002 | B7: Male | C7: 76000 | D7: 19 | E7: 0 | F7: =IF(G7>=Modelo!$B$10,1,0) -> 0 | G7: =1/(1+EXP(-(Modelo!$B$5+Modelo!$B$6*D7+Modelo!$B$7*C7+Modelo!$B$8*IF(B7="Male",1,0)))) -> 0.006963759 | H7: =MAX(G7,1-G7) -> 0.99303624 | I7: =IF(F7=E7,"Sí","No") -> Sí | J7: Entrenamiento
A8: 15728773 | B8: Male | C8: 58000 | D8: 27 | E8: 0 | F8: =IF(G8>=Modelo!$B$10,1,0) -> 0 | G8: =1/(1+EXP(-(Modelo!$B$5+Modelo!$B$6*D8+Modelo!$B$7*C8+Modelo!$B$8*IF(B8="Male",1,0)))) -> 0.020751735 | H8: =MAX(G8,1-G8) -> 0.97924827 | I8: =IF(F8=E8,"Sí","No") -> Sí | J8: Entrenamiento
A9: 15598044 | B9: Female | C9: 84000 | D9: 27 | E9: 0 | F9: =IF(G9>=Modelo!$B$10,1,0) -> 0 | G9: =1/(1+EXP(-(Modelo!$B$5+Modelo!$B$6*D9+Modelo!$B$7*C9+Modelo!$B$8*IF(B9="Male",1,0)))) -> 0.042230411 | H9: =MAX(G9,1-G9) -> 0.95776959 | I9: =IF(F9=E9,"Sí","No") -> Sí | J9: Entrenamiento
A10: 15694829 | B10: Female | C10: 150000 | D10: 32 | E10: 1 | F10: =IF(G10>=Modelo!$B$10,1,0) -> 1 | G10: =1/(1+EXP(-(Modelo!$B$5+Modelo!$B$6*D10+Modelo!$B$7*C10+Modelo!$B$8*IF(B10="Male",1,0)))) -> 0.64704068 | H10: =MAX(G10,1-G10) -> 0.64704068 | I10: =IF(F10=E10,"Sí","No") -> Sí | J10: Entrenamiento
A11: 15600575 | B11: Male | C11: 33000 | D11: 25 | E11: 0 | F11: =IF(G11>=Modelo!$B$10,1,0) -> 0 | G11: =1/(1+EXP(-(Modelo!$B$5+Modelo!$B$6*D11+Modelo!$B$7*C11+Modelo!$B$8*IF(B11="Male",1,0)))) -> 0.0050157845 | H11: =MAX(G11,1-G11) -> 0.99498422 | I11: =IF(F11=E11,"Sí","No") -> Sí | J11: Entrenamiento
A12: 15727311 | B12: Female | C12: 65000 | D12: 35 | E12: 0 | F12: =IF(G12>=Modelo!$B$10,1,0) -> 0 | G12: =1/(1+EXP(-(Modelo!$B$5+Modelo!$B$6*D12+Modelo!$B$7*C12+Modelo!$B$8*IF(B12="Male",1,0)))) -> 0.11356025 | H12: =MAX(G12,1-G12) -> 0.88643975 | I12: =IF(F12=E12,"Sí","No") -> Sí | J12: Entrenamiento
A13: 15570769 | B13: Female | C13: 80000 | D13: 26 | E13: 0 | F13: =IF(G13>=Modelo!$B$10,1,0) -> 0 | G13: =1/(1+EXP(-(Modelo!$B$5+Modelo!$B$6*D13+Modelo!$B$7*C13+Modelo!$B$8*IF(B13="Male",1,0)))) -> 0.029160056 | H13: =MAX(G13,1-G13) -> 0.97083994 | I13: =IF(F13=E13,"Sí","No") -> Sí | J13: Entrenamiento
A14: 15606274 | B14: Female | C14: 52000 | D14: 26 | E14: 0 | F14: =IF(G14>=Modelo!$B$10,1,0) -> 0 | G14: =1/(1+EXP(-(Modelo!$B$5+Modelo!$B$6*D14+Modelo!$B$7*C14+Modelo!$B$8*IF(B14="Male",1,0)))) -> 0.0098937177 | H14: =MAX(G14,1-G14) -> 0.99010628 | I14: =IF(F14=E14,"Sí","No") -> Sí | J14: Entrenamiento
... A402: 15594041 | B402: Female | C402: 36000 | D402: 49 | E402: 1 | F402: =IF(G402>=Modelo!$B$10,1,0) -> 0 | G402: =1/(1+EXP(-(Modelo!$B$5+Modelo!$B$6*D402+Modelo!$B$7*C402+Modelo!$B$8*IF(B402="Male",1,0)))) -> 0.49467407 | H402: =MAX(G402,1-G402) -> 0.50532593 | I402: =IF(F402=E402,"Sí","No") -> No | J402: Prueba

Sheet Modelo
A1: Parámetros del modelo y resumen de resultados
A3: Coeficientes estimados (escala log-odds)
A4: Término | B4: Valor | C4: Interpretación (odds ratio)
A5: Intercepto (β₀) | B5: -12.543307 | C5: Log-odds cuando todas las predictoras valen 0
A6: β Edad | B6: 0.22667364 | C6: =CONCATENATE("Por cada año más: OR = ",TEXT(EXP(B6),"0.000")) -> Por cada año más: OR = 0.001
A7: β Salario estimado | B7: 3.9305376e-05 | C7: =CONCATENATE("Por cada $10,000 más: OR = ",TEXT(EXP(B7*10000),"0.000")) -> Por cada $10,000 más: OR = 0.001
A8: β Género (1 = Male) | B8: 0.28925105 | C8: =CONCATENATE("Hombre vs mujer: OR = ",TEXT(EXP(B8),"0.000")) -> Hombre vs mujer: OR = 0.001
A10: Umbral de decisión | B10: 0.5 | C10: Si la probabilidad ≥ umbral, se predice compra (1)
A12: Fórmula aplicada en la hoja Predicciones
A13: z = β₀ + β_Edad·Edad + β_Salario·Salario + β_Género·(1 si Male)
A14: Probabilidad de compra = 1 / (1 + EXP(−z))
A16: Resumen de aciertos
A17: Métrica | B17: Valor | C17: Detalle
A18: Registros totales | B18: =COUNTA(Predicciones!$A$3:$A$402) -> 400 | C18: Todas las filas del dataset
A19: Aciertos totales | B19: =COUNTIF(Predicciones!$I$3:$I$402,"Sí") -> 339 | C19: Predicción = valor real
A20: Exactitud global | B20: =B19/B18 -> 0.8475 | C20: Incluye filas de entrenamiento
A21: Filas de entrenamiento | B21: =COUNTIF(Predicciones!$J$3:$J$402,"Entrenamiento") -> 320 | C21: Usadas para estimar los coeficientes
A22: Filas de prueba | B22: =COUNTIF(Predicciones!$J$3:$J$402,"Prueba") -> 80 | C22: No vistas por el modelo
A23: Exactitud en prueba | B23: =COUNTIFS(Predicciones!$J$3:$J$402,"Prueba",Predicciones!$I$3:$I$402,"Sí")/B22 -> 0.8125 | C23: Métrica honesta de desempeño
A25: Matriz de confusión sobre el conjunto de prueba
A26: Celda | B26: Casos | C26: Significado
A27: Verdaderos negativos (TN) | B27: =COUNTIFS(Predicciones!$J$3:$J$402,"Prueba",Predicciones!$E$3:$E$402,0,Predicciones!$F$3:$F$402,0) -> 47 | C27: No compró y se predijo que no
A28: Falsos positivos (FP) | B28: =COUNTIFS(Predicciones!$J$3:$J$402,"Prueba",Predicciones!$E$3:$E$402,0,Predicciones!$F$3:$F$402,1) -> 4 | C28: No compró pero se predijo que sí
A29: Falsos negativos (FN) | B29: =COUNTIFS(Predicciones!$J$3:$J$402,"Prueba",Predicciones!$E$3:$E$402,1,Predicciones!$F$3:$F$402,0) -> 11 | C29: Compró pero se predijo que no
A30: Verdaderos positivos (TP) | B30: =COUNTIFS(Predicciones!$J$3:$J$402,"Prueba",Predicciones!$E$3:$E$402,1,Predicciones!$F$3:$F$402,1) -> 18 | C30: Compró y se predijo que sí
A33: Notas y supuestos
A34: • Los coeficientes (celdas amarillas) provienen del modelo Logit ajustado con statsmodels
A35: sobre las 320 filas de ENTRENAMIENTO, no sobre las 400.
A36: Fuente: EDA_RegLog_SocialAds.ipynb, sección 6.1 (partición estratificada, random_state=42).
A37: • Por eso la columna "Conjunto" distingue las filas de prueba: solo esas 80 dan una medida
A38: honesta del desempeño. La exactitud global es optimista porque incluye datos ya vistos.
A39: • "Probabilidad de compra" es P(compra = 1). "Probabilidad del pronóstico" es la confianza
A40: en la clase predicha: coincide con la anterior si se predice 1, y es su complemento si es 0.
A41: • Las celdas amarillas son las únicas editables: al cambiar un coeficiente o el umbral,
A42: las 400 filas y todo el resumen se recalculan solos.
